subreddit,kind,start,end,tag,path,filename,batch_id
Advice,anchor_posts,20251006,20251228,weekbalanced,/content/drive/MyDrive/reddit_ai_study/input/Advice_anchor_posts_20251006_20251228_weekbalanced.csv,Advice_anchor_posts_20251006_20251228_weekbalanced.csv,Advice__20251006__20251228__weekbalanced
Advice,anchor_posts_removed_meta,20251006,20251228,weekbalanced,/content/drive/MyDrive/reddit_ai_study/input/Advice_anchor_posts_removed_meta_20251006_20251228_weekbalanced.csv,Advice_anchor_posts_removed_meta_20251006_20251228_weekbalanced.csv,Advice__20251006__20251228__weekbalanced
Advice,comment_exclusions,20251006,20251228,weekbalanced,/content/drive/MyDrive/reddit_ai_study/input/Advice_comment_exclusions_20251006_20251228_weekbalanced.csv,Advice_comment_exclusions_20251006_20251228_weekbalanced.csv,Advice__20251006__20251228__weekbalanced
Advice,comment_templates_removed,20251006,20251228,weekbalanced,/content/drive/MyDrive/reddit_ai_study/input/Advice_comment_templates_removed_20251006_20251228_weekbalanced.csv,Advice_comment_templates_removed_20251006_20251228_weekbalanced.csv,Advice__20251006__20251228__weekbalanced
Advice,comments_clean_final,20251006,20251228,weekbalanced,/content/drive/MyDrive/reddit_ai_study/input/Advice_comments_clean_final_20251006_20251228_weekbalanced.csv,Advice_comments_clean_final_20251006_20251228_weekbalanced.csv,Advice__20251006__20251228__weekbalanced
Advice,comments_raw,20251006,20251228,weekbalanced,/content/drive/MyDrive/reddit_ai_study/input/Advice_comments_raw_20251006_20251228_weekbalanced.csv,Advice_comments_raw_20251006_20251228_weekbalanced.csv,Advice__20251006__20251228__weekbalanced
Advice,comments_removed_meta_threads,20251006,20251228,weekbalanced,/content/drive/MyDrive/reddit_ai_study/input/Advice_comments_removed_meta_threads_20251006_20251228_weekbalanced.csv,Advice_comments_removed_meta_threads_20251006_20251228_weekbalanced.csv,Advice__20251006__20251228__weekbalanced
Advice,to_label_balanced,20251006,20251228,weekbalanced,/content/drive/MyDrive/reddit_ai_study/input/Advice_to_label_balanced_20251006_20251228_weekbalanced.csv,Advice_to_label_balanced_20251006_20251228_weekbalanced.csv,Advice__20251006__20251228__weekbalanced
Advice,to_label_overlap,20251006,20251228,weekbalanced,/content/drive/MyDrive/reddit_ai_study/input/Advice_to_label_overlap_20251006_20251228_weekbalanced.csv,Advice_to_label_overlap_20251006_20251228_weekbalanced.csv,Advice__20251006__20251228__weekbalanced
Advice,weekly_summary,20251006,20251228,weekbalanced,/content/drive/MyDrive/reddit_ai_study/input/Advice_weekly_summary_20251006_20251228_weekbalanced.csv,Advice_weekly_summary_20251006_20251228_weekbalanced.csv,Advice__20251006__20251228__weekbalanced
AskDocs,anchor_posts,20251006,20251228,weekbalanced,/content/drive/MyDrive/reddit_ai_study/input/AskDocs_anchor_posts_20251006_20251228_weekbalanced.csv,AskDocs_anchor_posts_20251006_20251228_weekbalanced.csv,AskDocs__20251006__20251228__weekbalanced
AskDocs,anchor_posts_removed_meta,20251006,20251228,weekbalanced,/content/drive/MyDrive/reddit_ai_study/input/AskDocs_anchor_posts_removed_meta_20251006_20251228_weekbalanced.csv,AskDocs_anchor_posts_removed_meta_20251006_20251228_weekbalanced.csv,AskDocs__20251006__20251228__weekbalanced
AskDocs,comment_exclusions,20251006,20251228,weekbalanced,/content/drive/MyDrive/reddit_ai_study/input/AskDocs_comment_exclusions_20251006_20251228_weekbalanced.csv,AskDocs_comment_exclusions_20251006_20251228_weekbalanced.csv,AskDocs__20251006__20251228__weekbalanced
AskDocs,comment_templates_removed,20251006,20251228,weekbalanced,/content/drive/MyDrive/reddit_ai_study/input/AskDocs_comment_templates_removed_20251006_20251228_weekbalanced.csv,AskDocs_comment_templates_removed_20251006_20251228_weekbalanced.csv,AskDocs__20251006__20251228__weekbalanced
AskDocs,comments_clean_final,20251006,20251228,weekbalanced,/content/drive/MyDrive/reddit_ai_study/input/AskDocs_comments_clean_final_20251006_20251228_weekbalanced.csv,AskDocs_comments_clean_final_20251006_20251228_weekbalanced.csv,AskDocs__20251006__20251228__weekbalanced
AskDocs,comments_raw,20251006,20251228,weekbalanced,/content/drive/MyDrive/reddit_ai_study/input/AskDocs_comments_raw_20251006_20251228_weekbalanced.csv,AskDocs_comments_raw_20251006_20251228_weekbalanced.csv,AskDocs__20251006__20251228__weekbalanced
AskDocs,comments_removed_meta_threads,20251006,20251228,weekbalanced,/content/drive/MyDrive/reddit_ai_study/input/AskDocs_comments_removed_meta_threads_20251006_20251228_weekbalanced.csv,AskDocs_comments_removed_meta_threads_20251006_20251228_weekbalanced.csv,AskDocs__20251006__20251228__weekbalanced
AskDocs,to_label_balanced,20251006,20251228,weekbalanced,/content/drive/MyDrive/reddit_ai_study/input/AskDocs_to_label_balanced_20251006_20251228_weekbalanced.csv,AskDocs_to_label_balanced_20251006_20251228_weekbalanced.csv,AskDocs__20251006__20251228__weekbalanced
AskDocs,to_label_overlap,20251006,20251228,weekbalanced,/content/drive/MyDrive/reddit_ai_study/input/AskDocs_to_label_overlap_20251006_20251228_weekbalanced.csv,AskDocs_to_label_overlap_20251006_20251228_weekbalanced.csv,AskDocs__20251006__20251228__weekbalanced
AskDocs,weekly_summary,20251006,20251228,weekbalanced,/content/drive/MyDrive/reddit_ai_study/input/AskDocs_weekly_summary_20251006_20251228_weekbalanced.csv,AskDocs_weekly_summary_20251006_20251228_weekbalanced.csv,AskDocs__20251006__20251228__weekbalanced
askscience,anchor_posts,20251006,20251228,weekbalanced,/content/drive/MyDrive/reddit_ai_study/input/askscience_anchor_posts_20251006_20251228_weekbalanced.csv,askscience_anchor_posts_20251006_20251228_weekbalanced.csv,askscience__20251006__20251228__weekbalanced
askscience,comment_exclusions,20251006,20251228,weekbalanced,/content/drive/MyDrive/reddit_ai_study/input/askscience_comment_exclusions_20251006_20251228_weekbalanced.csv,askscience_comment_exclusions_20251006_20251228_weekbalanced.csv,askscience__20251006__20251228__weekbalanced
askscience,comment_templates_removed,20251006,20251228,weekbalanced,/content/drive/MyDrive/reddit_ai_study/input/askscience_comment_templates_removed_20251006_20251228_weekbalanced.csv,askscience_comment_templates_removed_20251006_20251228_weekbalanced.csv,askscience__20251006__20251228__weekbalanced
askscience,comments_clean_final,20251006,20251228,weekbalanced,/content/drive/MyDrive/reddit_ai_study/input/askscience_comments_clean_final_20251006_20251228_weekbalanced.csv,askscience_comments_clean_final_20251006_20251228_weekbalanced.csv,askscience__20251006__20251228__weekbalanced
askscience,comments_raw,20251006,20251228,weekbalanced,/content/drive/MyDrive/reddit_ai_study/input/askscience_comments_raw_20251006_20251228_weekbalanced.csv,askscience_comments_raw_20251006_20251228_weekbalanced.csv,askscience__20251006__20251228__weekbalanced
askscience,to_label_balanced,20251006,20251228,weekbalanced,/content/drive/MyDrive/reddit_ai_study/input/askscience_to_label_balanced_20251006_20251228_weekbalanced.csv,askscience_to_label_balanced_20251006_20251228_weekbalanced.csv,askscience__20251006__20251228__weekbalanced
askscience,to_label_overlap,20251006,20251228,weekbalanced,/content/drive/MyDrive/reddit_ai_study/input/askscience_to_label_overlap_20251006_20251228_weekbalanced.csv,askscience_to_label_overlap_20251006_20251228_weekbalanced.csv,askscience__20251006__20251228__weekbalanced
askscience,weekly_summary,20251006,20251228,weekbalanced,/content/drive/MyDrive/reddit_ai_study/input/askscience_weekly_summary_20251006_20251228_weekbalanced.csv,askscience_weekly_summary_20251006_20251228_weekbalanced.csv,askscience__20251006__20251228__weekbalanced
todayilearned,anchor_posts,20251006,20251228,weekbalanced,/content/drive/MyDrive/reddit_ai_study/input/todayilearned_anchor_posts_20251006_20251228_weekbalanced.csv,todayilearned_anchor_posts_20251006_20251228_weekbalanced.csv,todayilearned__20251006__20251228__weekbalanced
todayilearned,anchor_posts_removed_meta,20251006,20251228,weekbalanced,/content/drive/MyDrive/reddit_ai_study/input/todayilearned_anchor_posts_removed_meta_20251006_20251228_weekbalanced.csv,todayilearned_anchor_posts_removed_meta_20251006_20251228_weekbalanced.csv,todayilearned__20251006__20251228__weekbalanced
todayilearned,comment_exclusions,20251006,20251228,weekbalanced,/content/drive/MyDrive/reddit_ai_study/input/todayilearned_comment_exclusions_20251006_20251228_weekbalanced.csv,todayilearned_comment_exclusions_20251006_20251228_weekbalanced.csv,todayilearned__20251006__20251228__weekbalanced
todayilearned,comment_templates_removed,20251006,20251228,weekbalanced,/content/drive/MyDrive/reddit_ai_study/input/todayilearned_comment_templates_removed_20251006_20251228_weekbalanced.csv,todayilearned_comment_templates_removed_20251006_20251228_weekbalanced.csv,todayilearned__20251006__20251228__weekbalanced
todayilearned,comments_clean_final,20251006,20251228,weekbalanced,/content/drive/MyDrive/reddit_ai_study/input/todayilearned_comments_clean_final_20251006_20251228_weekbalanced.csv,todayilearned_comments_clean_final_20251006_20251228_weekbalanced.csv,todayilearned__20251006__20251228__weekbalanced
todayilearned,comments_raw,20251006,20251228,weekbalanced,/content/drive/MyDrive/reddit_ai_study/input/todayilearned_comments_raw_20251006_20251228_weekbalanced.csv,todayilearned_comments_raw_20251006_20251228_weekbalanced.csv,todayilearned__20251006__20251228__weekbalanced
todayilearned,comments_removed_meta_threads,20251006,20251228,weekbalanced,/content/drive/MyDrive/reddit_ai_study/input/todayilearned_comments_removed_meta_threads_20251006_20251228_weekbalanced.csv,todayilearned_comments_removed_meta_threads_20251006_20251228_weekbalanced.csv,todayilearned__20251006__20251228__weekbalanced
todayilearned,to_label_balanced,20251006,20251228,weekbalanced,/content/drive/MyDrive/reddit_ai_study/input/todayilearned_to_label_balanced_20251006_20251228_weekbalanced.csv,todayilearned_to_label_balanced_20251006_20251228_weekbalanced.csv,todayilearned__20251006__20251228__weekbalanced
todayilearned,to_label_overlap,20251006,20251228,weekbalanced,/content/drive/MyDrive/reddit_ai_study/input/todayilearned_to_label_overlap_20251006_20251228_weekbalanced.csv,todayilearned_to_label_overlap_20251006_20251228_weekbalanced.csv,todayilearned__20251006__20251228__weekbalanced
todayilearned,weekly_summary,20251006,20251228,weekbalanced,/content/drive/MyDrive/reddit_ai_study/input/todayilearned_weekly_summary_20251006_20251228_weekbalanced.csv,todayilearned_weekly_summary_20251006_20251228_weekbalanced.csv,todayilearned__20251006__20251228__weekbalanced
