comment_id,post_id,author,created_utc,reason,body_preview,collection_week_idx,collection_week_label,pulled_at_utc
nhzglxb,1nz2wmh,[deleted],1759708990,blank_or_deleted_author,[removed],1,W01_2025-10-06_to_2025-10-12,2026-04-28T22:26:11.534931+00:00
nhzh77p,1nz2tpf,[deleted],1759709210,blank_or_deleted_author,[removed],1,W01_2025-10-06_to_2025-10-12,2026-04-28T22:26:11.534931+00:00
nhzicl1,1nz2wmh,[deleted],1759709633,blank_or_deleted_author,[removed],1,W01_2025-10-06_to_2025-10-12,2026-04-28T22:26:11.534931+00:00
nhzie8b,1nz2wmh,[deleted],1759709650,blank_or_deleted_author,[removed],1,W01_2025-10-06_to_2025-10-12,2026-04-28T22:26:11.534931+00:00
nhziu37,1nysh7j,[deleted],1759709814,blank_or_deleted_author,[removed],1,W01_2025-10-06_to_2025-10-12,2026-04-28T22:26:11.534931+00:00
nhzj7kb,1nz2wmh,[deleted],1759709953,blank_or_deleted_author,[removed],1,W01_2025-10-06_to_2025-10-12,2026-04-28T22:26:11.534931+00:00
nhzj8od,1nz2wmh,[deleted],1759709965,blank_or_deleted_author,[removed],1,W01_2025-10-06_to_2025-10-12,2026-04-28T22:26:11.534931+00:00
nj6vs5w,1o4wslw,[deleted],1760313893,blank_or_deleted_author,[removed],2,W02_2025-10-13_to_2025-10-19,2026-04-28T22:26:11.534931+00:00
nj6y9dp,1o53hdx,[deleted],1760314828,blank_or_deleted_author,[deleted],2,W02_2025-10-13_to_2025-10-19,2026-04-28T22:26:11.534931+00:00
nj70aod,1o553zi,[deleted],1760315612,blank_or_deleted_author,[deleted],2,W02_2025-10-13_to_2025-10-19,2026-04-28T22:26:11.534931+00:00
nj72xvq,1o55j3w,Advice-ModTeam,1760316572,modteam_style_username,"Your post has been removed as it was in Violation of Rule 3: Forbidden Topics

This action was performed by a ***HUMAN moderator***. NOT a bot. Do not resubmit your post or message the moderators until you have read this",2,W02_2025-10-13_to_2025-10-19,2026-04-28T22:26:11.534931+00:00
nked8ih,1oawxtn,[deleted],1760918662,blank_or_deleted_author,[removed],3,W03_2025-10-20_to_2025-10-26,2026-04-28T22:26:11.534931+00:00
nkedvaw,1oaydnf,[deleted],1760918898,blank_or_deleted_author,[removed],3,W03_2025-10-20_to_2025-10-26,2026-04-28T22:26:11.534931+00:00
nkedvtr,1oawxtn,[deleted],1760918904,blank_or_deleted_author,[removed],3,W03_2025-10-20_to_2025-10-26,2026-04-28T22:26:11.534931+00:00
nkeegnn,1m067j7,AdviceFlairBot,1760919118,distinguished_moderator,Thank you for confirming that /u/ParkingPsychology has provided helpful advice for you. 1 point awarded.,3,W03_2025-10-20_to_2025-10-26,2026-04-28T22:26:11.534931+00:00
nkef89b,1ob5hk9,[deleted],1760919405,blank_or_deleted_author,[removed],3,W03_2025-10-20_to_2025-10-26,2026-04-28T22:26:11.534931+00:00
nkefqu5,1oawi5m,[deleted],1760919599,blank_or_deleted_author,[removed],3,W03_2025-10-20_to_2025-10-26,2026-04-28T22:26:11.534931+00:00
nkeg2v0,1ob5n54,[deleted],1760919724,blank_or_deleted_author,[deleted],3,W03_2025-10-20_to_2025-10-26,2026-04-28T22:26:11.534931+00:00
nkegb84,1oawxtn,[deleted],1760919810,blank_or_deleted_author,[removed],3,W03_2025-10-20_to_2025-10-26,2026-04-28T22:26:11.534931+00:00
nkegcdq,1ob5iht,[deleted],1760919822,blank_or_deleted_author,[removed],3,W03_2025-10-20_to_2025-10-26,2026-04-28T22:26:11.534931+00:00
nkegihj,1oaxmiu,[deleted],1760919885,blank_or_deleted_author,[removed],3,W03_2025-10-20_to_2025-10-26,2026-04-28T22:26:11.534931+00:00
nlkf2jt,1og6ir1,[deleted],1761523231,blank_or_deleted_author,[removed],4,W04_2025-10-27_to_2025-11-02,2026-04-28T22:26:11.534931+00:00
nlkf53e,1ogzg1n,[deleted],1761523257,blank_or_deleted_author,[removed],4,W04_2025-10-27_to_2025-11-02,2026-04-28T22:26:11.534931+00:00
nlkf949,1og26vo,[deleted],1761523298,blank_or_deleted_author,[removed],4,W04_2025-10-27_to_2025-11-02,2026-04-28T22:26:11.534931+00:00
nlkfand,1ogpmh9,[deleted],1761523315,blank_or_deleted_author,[removed],4,W04_2025-10-27_to_2025-11-02,2026-04-28T22:26:11.534931+00:00
nlkfjc2,1ogzlwv,[deleted],1761523402,blank_or_deleted_author,[removed],4,W04_2025-10-27_to_2025-11-02,2026-04-28T22:26:11.534931+00:00
nlkfkgn,1ogzlwv,[deleted],1761523413,blank_or_deleted_author,[removed],4,W04_2025-10-27_to_2025-11-02,2026-04-28T22:26:11.534931+00:00
nlkg4tj,1ogpmh9,[deleted],1761523617,blank_or_deleted_author,[removed],4,W04_2025-10-27_to_2025-11-02,2026-04-28T22:26:11.534931+00:00
nlkgkzr,1ogzlwv,[deleted],1761523779,blank_or_deleted_author,[removed],4,W04_2025-10-27_to_2025-11-02,2026-04-28T22:26:11.534931+00:00
nlkh8lp,1ogzlwv,[deleted],1761524014,blank_or_deleted_author,[removed],4,W04_2025-10-27_to_2025-11-02,2026-04-28T22:26:11.534931+00:00
nmso05k,1omwgqm,[deleted],1762128101,blank_or_deleted_author,[removed],5,W05_2025-11-03_to_2025-11-09,2026-04-28T22:26:11.534931+00:00
nmso6fd,1omgg0w,[deleted],1762128161,blank_or_deleted_author,[removed],5,W05_2025-11-03_to_2025-11-09,2026-04-28T22:26:11.534931+00:00
nmso7tx,1mmtnj0,[deleted],1762128174,blank_or_deleted_author,[removed],5,W05_2025-11-03_to_2025-11-09,2026-04-28T22:26:11.534931+00:00
nmso9y9,1omtdme,AdviceFlairBot,1762128193,distinguished_moderator,Thank you for confirming that /u/Allimack has provided helpful advice for you. 1 point awarded.,5,W05_2025-11-03_to_2025-11-09,2026-04-28T22:26:11.534931+00:00
nmsoymn,1omwgqm,[deleted],1762128428,blank_or_deleted_author,[removed],5,W05_2025-11-03_to_2025-11-09,2026-04-28T22:26:11.534931+00:00
nmspett,1omkisu,[deleted],1762128584,blank_or_deleted_author,[removed],5,W05_2025-11-03_to_2025-11-09,2026-04-28T22:26:11.534931+00:00
nmsqccq,1omwgqm,[deleted],1762128906,blank_or_deleted_author,[removed],5,W05_2025-11-03_to_2025-11-09,2026-04-28T22:26:11.534931+00:00
nmsr3jc,1omr18y,[deleted],1762129168,blank_or_deleted_author,[removed],5,W05_2025-11-03_to_2025-11-09,2026-04-28T22:26:11.534931+00:00
nmsrlnw,1omjcsm,[deleted],1762129345,blank_or_deleted_author,[removed],5,W05_2025-11-03_to_2025-11-09,2026-04-28T22:26:11.534931+00:00
nmssfck,1omwsbx,AdviceFlairBot,1762129633,distinguished_moderator,Thank you for confirming that /u/friendlyfire69 has provided helpful advice for you. 1 point awarded.,5,W05_2025-11-03_to_2025-11-09,2026-04-28T22:26:11.534931+00:00
nmsun8w,1omk2pm,[deleted],1762130418,blank_or_deleted_author,[removed],5,W05_2025-11-03_to_2025-11-09,2026-04-28T22:26:11.534931+00:00
no0t1ir,1osoasb,[deleted],1762732836,blank_or_deleted_author,[removed],6,W06_2025-11-10_to_2025-11-16,2026-04-28T22:26:11.534931+00:00
no0tot0,1oq748t,[deleted],1762733057,blank_or_deleted_author,[removed],6,W06_2025-11-10_to_2025-11-16,2026-04-28T22:26:11.534931+00:00
no0tw6e,1osy7xn,[deleted],1762733126,blank_or_deleted_author,[removed],6,W06_2025-11-10_to_2025-11-16,2026-04-28T22:26:11.534931+00:00
no0ur6n,1osozab,AdviceFlairBot,1762733423,distinguished_moderator,Thank you for confirming that /u/AccomplishedPoem9841 has provided helpful advice for you. 1 point awarded.,6,W06_2025-11-10_to_2025-11-16,2026-04-28T22:26:11.534931+00:00
no0uvir,1oswfhb,[deleted],1762733464,blank_or_deleted_author,[deleted],6,W06_2025-11-10_to_2025-11-16,2026-04-28T22:26:11.534931+00:00
no0v8c4,1or7sch,[deleted],1762733586,blank_or_deleted_author,[removed],6,W06_2025-11-10_to_2025-11-16,2026-04-28T22:26:11.534931+00:00
no0wydc,1osut81,[deleted],1762734178,blank_or_deleted_author,[removed],6,W06_2025-11-10_to_2025-11-16,2026-04-28T22:26:11.534931+00:00
np8f5wc,1oyx435,[deleted],1763337981,blank_or_deleted_author,[removed],7,W07_2025-11-17_to_2025-11-23,2026-04-28T22:26:11.534931+00:00
np8fe8f,1oz1gjr,Advice-ModTeam,1763338067,modteam_style_username,"Your post has been removed as it was in Violation of Rule 3: Forbidden Topics

This action was performed by a ***HUMAN moderator***. NOT a bot. Do not resubmit your post or message the moderators until you have read this",7,W07_2025-11-17_to_2025-11-23,2026-04-28T22:26:11.534931+00:00
np8gfgh,1oz1b4f,[deleted],1763338427,blank_or_deleted_author,[removed],7,W07_2025-11-17_to_2025-11-23,2026-04-28T22:26:11.534931+00:00
np8ghj3,1oz09qh,AdviceFlairBot,1763338446,distinguished_moderator,Thank you for confirming that /u/GrungeCheap56119 has provided helpful advice for you. 1 point awarded.,7,W07_2025-11-17_to_2025-11-23,2026-04-28T22:26:11.534931+00:00
np8hijm,1oz09qh,[deleted],1763338797,blank_or_deleted_author,[removed],7,W07_2025-11-17_to_2025-11-23,2026-04-28T22:26:11.534931+00:00
np8hqfb,1oymr0q,[deleted],1763338873,blank_or_deleted_author,[removed],7,W07_2025-11-17_to_2025-11-23,2026-04-28T22:26:11.534931+00:00
np8j7je,1oz15ci,AdviceFlairBot,1763339372,distinguished_moderator,Thank you for confirming that /u/Acrobatic_Month621 has provided helpful advice for you. 1 point awarded.,7,W07_2025-11-17_to_2025-11-23,2026-04-28T22:26:11.534931+00:00
np8jfgm,1oxo329,[deleted],1763339445,blank_or_deleted_author,[removed],7,W07_2025-11-17_to_2025-11-23,2026-04-28T22:26:11.534931+00:00
np8k189,1oymr0q,[deleted],1763339653,blank_or_deleted_author,[removed],7,W07_2025-11-17_to_2025-11-23,2026-04-28T22:26:11.534931+00:00
np8k7en,1oxo329,[deleted],1763339710,blank_or_deleted_author,[deleted],7,W07_2025-11-17_to_2025-11-23,2026-04-28T22:26:11.534931+00:00
nqg2nj8,1p51lhu,AdviceFlairBot,1763942423,distinguished_moderator,Thank you for confirming that /u/FinancialWatermelon1 has provided helpful advice for you. 1 point awarded.,8,W08_2025-11-24_to_2025-11-30,2026-04-28T22:26:11.534931+00:00
nqg3ijd,1p51c8o,[deleted],1763942720,blank_or_deleted_author,[removed],8,W08_2025-11-24_to_2025-11-30,2026-04-28T22:26:11.534931+00:00
nqg46lc,1p4ynjo,[deleted],1763942949,blank_or_deleted_author,[removed],8,W08_2025-11-24_to_2025-11-30,2026-04-28T22:26:11.534931+00:00
nqg4hzt,1p522la,Advice-ModTeam,1763943055,modteam_style_username,"Your post has been removed as it was in Violation of Rule 3: Forbidden Topics

This action was performed by a ***HUMAN moderator***. NOT a bot. Do not resubmit your post or message the moderators until you have read this",8,W08_2025-11-24_to_2025-11-30,2026-04-28T22:26:11.534931+00:00
nqg6n5l,1p52g9r,[deleted],1763943794,blank_or_deleted_author,[removed],8,W08_2025-11-24_to_2025-11-30,2026-04-28T22:26:11.534931+00:00
nqg6p7x,1p52hti,[deleted],1763943813,blank_or_deleted_author,[removed],8,W08_2025-11-24_to_2025-11-30,2026-04-28T22:26:11.534931+00:00
nqg7ehj,1p0v8di,[deleted],1763944054,blank_or_deleted_author,[removed],8,W08_2025-11-24_to_2025-11-30,2026-04-28T22:26:11.534931+00:00
nqg7hsq,1p4dnf2,[deleted],1763944084,blank_or_deleted_author,[removed],8,W08_2025-11-24_to_2025-11-30,2026-04-28T22:26:11.534931+00:00
nrmiuiw,1pax85v,[deleted],1764547207,blank_or_deleted_author,[removed],9,W09_2025-12-01_to_2025-12-07,2026-04-28T22:26:11.534931+00:00
nrmjgbp,1paxb15,[deleted],1764547411,blank_or_deleted_author,[removed],9,W09_2025-12-01_to_2025-12-07,2026-04-28T22:26:11.534931+00:00
nrmk0h8,1paxb15,[deleted],1764547602,blank_or_deleted_author,[removed],9,W09_2025-12-01_to_2025-12-07,2026-04-28T22:26:11.534931+00:00
nrmka6y,1pau3yf,[deleted],1764547694,blank_or_deleted_author,[deleted],9,W09_2025-12-01_to_2025-12-07,2026-04-28T22:26:11.534931+00:00
nrmkbpg,1paxb15,[deleted],1764547709,blank_or_deleted_author,[removed],9,W09_2025-12-01_to_2025-12-07,2026-04-28T22:26:11.534931+00:00
nrmkd7a,1paxb15,[deleted],1764547723,blank_or_deleted_author,[removed],9,W09_2025-12-01_to_2025-12-07,2026-04-28T22:26:11.534931+00:00
nrmlh3x,1pauh6c,[deleted],1764548104,blank_or_deleted_author,[removed],9,W09_2025-12-01_to_2025-12-07,2026-04-28T22:26:11.534931+00:00
nrmlren,1papq7z,[deleted],1764548204,blank_or_deleted_author,[removed],9,W09_2025-12-01_to_2025-12-07,2026-04-28T22:26:11.534931+00:00
nrmnd0x,1paxhrc,AdviceFlairBot,1764548756,distinguished_moderator,Thank you for confirming that /u/SPrincess300o has provided helpful advice for you. 1 point awarded.,9,W09_2025-12-01_to_2025-12-07,2026-04-28T22:26:11.534931+00:00
nrmneom,1paxssa,[deleted],1764548772,blank_or_deleted_author,[removed],9,W09_2025-12-01_to_2025-12-07,2026-04-28T22:26:11.534931+00:00
nsuphjs,1pgxn2c,[deleted],1765152629,blank_or_deleted_author,[removed],10,W10_2025-12-08_to_2025-12-14,2026-04-28T22:26:11.534931+00:00
nsuqqhy,1pgewxe,[deleted],1765153046,blank_or_deleted_author,[removed],10,W10_2025-12-08_to_2025-12-14,2026-04-28T22:26:11.534931+00:00
nsurkh5,1pgxa0e,[deleted],1765153329,blank_or_deleted_author,[deleted],10,W10_2025-12-08_to_2025-12-14,2026-04-28T22:26:11.534931+00:00
nu2kdjb,1pmos64,[deleted],1765757400,blank_or_deleted_author,[deleted],11,W11_2025-12-15_to_2025-12-21,2026-04-28T22:26:11.534931+00:00
nu2micw,1pmsliq,[deleted],1765758087,blank_or_deleted_author,[removed],11,W11_2025-12-15_to_2025-12-21,2026-04-28T22:26:11.534931+00:00
nu2out8,1pmtiwa,[deleted],1765758843,blank_or_deleted_author,[removed],11,W11_2025-12-15_to_2025-12-21,2026-04-28T22:26:11.534931+00:00
nu2ozh5,1pm2mgc,[deleted],1765758885,blank_or_deleted_author,[removed],11,W11_2025-12-15_to_2025-12-21,2026-04-28T22:26:11.534931+00:00
nu2pc4z,1pm2mgc,[deleted],1765758998,blank_or_deleted_author,[removed],11,W11_2025-12-15_to_2025-12-21,2026-04-28T22:26:11.534931+00:00
nvaa3s4,1psl08h,AutoModerator,1766361667,automoderator,Your post was removed for showing signs of reassurance seeking. ***Do not message us until you have [read the rules](https://www.reddit.com/r/advice/wiki/rules/#wiki_8._no_obvious_reassurance_seeking) first. We can tell ,12,W12_2025-12-22_to_2025-12-28,2026-04-28T22:26:11.534931+00:00
nvaaamd,1pskx4c,[deleted],1766361734,blank_or_deleted_author,[deleted],12,W12_2025-12-22_to_2025-12-28,2026-04-28T22:26:11.534931+00:00
nvaab18,1ps9sjr,[deleted],1766361740,blank_or_deleted_author,[removed],12,W12_2025-12-22_to_2025-12-28,2026-04-28T22:26:11.534931+00:00
nvaaxe3,1ps9sjr,[deleted],1766361956,blank_or_deleted_author,[removed],12,W12_2025-12-22_to_2025-12-28,2026-04-28T22:26:11.534931+00:00
nvabwrf,1psjdw3,[deleted],1766362289,blank_or_deleted_author,[removed],12,W12_2025-12-22_to_2025-12-28,2026-04-28T22:26:11.534931+00:00
nvadibm,1pscpou,[deleted],1766362829,blank_or_deleted_author,[removed],12,W12_2025-12-22_to_2025-12-28,2026-04-28T22:26:11.534931+00:00
nvadvxl,1pse2b4,[deleted],1766362957,blank_or_deleted_author,[removed],12,W12_2025-12-22_to_2025-12-28,2026-04-28T22:26:11.534931+00:00
nvadw46,1pskahd,[deleted],1766362959,blank_or_deleted_author,[removed],12,W12_2025-12-22_to_2025-12-28,2026-04-28T22:26:11.534931+00:00
nvag522,1psgwgi,[deleted],1766363731,blank_or_deleted_author,[removed],12,W12_2025-12-22_to_2025-12-28,2026-04-28T22:26:11.534931+00:00
