comment_id,post_id,subreddit,parent_id,author,created_utc,text,distinguished,stickied,collection_week_idx,collection_week_label,pulled_at_utc,date,week_start,year_week,parent_comment_id,removed_reason
nu3kjw1,1pmxfqk,AskDocs,t1_nu3iogt,AbleStrawberry4ever,1765770489,Get to the hospital before the seizures start.,,False,11,W11_2025-12-15_to_2025-12-21,2026-04-28T22:25:18.898904+00:00,2025-12-15 03:48:09+00:00,2025-12-15,2025-W50,nu3iogt,attached_to_meta_or_moderator_thread
nu3vohi,1pmxfqk,AskDocs,t1_nu3va76,AbleStrawberry4ever,1765775063,There’s no way 10000 mg is your usual dose. Tell them you did it on a dare or something.,,False,11,W11_2025-12-15_to_2025-12-21,2026-04-28T22:25:18.898904+00:00,2025-12-15 05:04:23+00:00,2025-12-15,2025-W50,nu3va76,attached_to_meta_or_moderator_thread
nu3vpth,1pmxfqk,AskDocs,t1_nu3upa9,AbleStrawberry4ever,1765775080,Girl.,,False,11,W11_2025-12-15_to_2025-12-21,2026-04-28T22:25:18.898904+00:00,2025-12-15 05:04:40+00:00,2025-12-15,2025-W50,nu3upa9,attached_to_meta_or_moderator_thread
nu3xkyg,1pmxfqk,AskDocs,t1_nu3vtxf,AbleStrawberry4ever,1765775915,You’re worrying about the wrong thing.,,False,11,W11_2025-12-15_to_2025-12-21,2026-04-28T22:25:18.898904+00:00,2025-12-15 05:18:35+00:00,2025-12-15,2025-W50,nu3vtxf,attached_to_meta_or_moderator_thread
nu3xq9c,1pmxfqk,AskDocs,t1_nu3vtxf,AbleStrawberry4ever,1765775983,"Like I’m not gonna dog you for not wanting to be upfront about a suicide attempt, I 100% get it but go get treated and just lie about the circumstances. Work on the suicidal thoughts after if you want.",,False,11,W11_2025-12-15_to_2025-12-21,2026-04-28T22:25:18.898904+00:00,2025-12-15 05:19:43+00:00,2025-12-15,2025-W50,nu3vtxf,attached_to_meta_or_moderator_thread
nu3xvim,1pmxfqk,AskDocs,t1_nu3vtxf,AbleStrawberry4ever,1765776052,Healthcare personnel are not going to shame you for this. At least it wasn’t tylenol.,,False,11,W11_2025-12-15_to_2025-12-21,2026-04-28T22:25:18.898904+00:00,2025-12-15 05:20:52+00:00,2025-12-15,2025-W50,nu3vtxf,attached_to_meta_or_moderator_thread
nvcj067,1pn4mm3,AskDocs,t3_1pn4mm3,Alex_0r,1766398186,"Can listening to music at very low volume on earphones damage/strain your ears?

I have tinnitus, and I usually put on headphones at just enough to cover the ringing (usually the lowest my earphones allow). But now I'm wondering if maybe I'm straining my hearing?",,False,12,W12_2025-12-22_to_2025-12-28,2026-04-28T22:25:18.898904+00:00,2025-12-22 10:09:46+00:00,2025-12-22,2025-W51,,attached_to_meta_or_moderator_thread
nu3pu87,1pmxfqk,AskDocs,t1_nu3iogt,BicarbonateBufferBoy,1765772596,Call 911 right now,,False,11,W11_2025-12-15_to_2025-12-21,2026-04-28T22:25:18.898904+00:00,2025-12-15 04:23:16+00:00,2025-12-15,2025-W50,nu3iogt,attached_to_meta_or_moderator_thread
no1onkr,1o5fkrg,AskDocs,t3_1o5fkrg,Deltahotel_,1762744222,"What do these spots look like to you?

https://imgur.com/a/K8wPtJB",,False,6,W06_2025-11-10_to_2025-11-16,2026-04-28T22:25:18.898904+00:00,2025-11-10 03:10:22+00:00,2025-11-10,2025-W45,,attached_to_meta_or_moderator_thread
no1p9n1,1o5fkrg,AskDocs,t1_no1onkr,Deltahotel_,1762744453,"Other symptoms include fever, chills, dizziness, muscle pain, fatigue, irritability, anxiety. Extra info: I was bit by a dog two weeks ago, we never tested it for rabies but I got four shots. I also tested positive for Covid when I went in. The bite got infected and I had cellulitis all up my arm so I’ve been on antibiotics since then.",,False,6,W06_2025-11-10_to_2025-11-16,2026-04-28T22:25:18.898904+00:00,2025-11-10 03:14:13+00:00,2025-11-10,2025-W45,no1onkr,attached_to_meta_or_moderator_thread
nqhwv8w,1p090na,AskDocs,t3_1p090na,False-Teaching4598,1763971164,"Is there any evolutionary basis for abnormal posturing? When I learned decorticate and decerebrate posturing, I was told to imagine someone being mauled by a large animal. Decorticate posturing is better because the brain is still trying to protect the core. Decerebrate is worse because the brain has basically said, “fuck it, just put me out of my misery”, as the neck and torso become exposed.

I learned it this way simply to help me remember it, but it always made me wonder if there’s an evolutionary underpinning for posturing. After all every system in us is constantly trying to avoid death, pain, and injury. I’ve googled it but can’t find exactly what I’m looking for. Anyone know? ",,False,8,W08_2025-11-24_to_2025-11-30,2026-04-28T22:25:18.898904+00:00,2025-11-24 07:59:24+00:00,2025-11-24,2025-W47,,attached_to_meta_or_moderator_thread
no0zg2h,1o5fkrg,AskDocs,t3_1o5fkrg,Fearless-Shake-6398,1762735048,Askong any Doctors Can eczema creams like opzelura or zorvve cause flu symptoms or severe weakness aches or pains? I took them for a week and got so ill feeling i went to the ER and evervthing looked fine bloodwork was great nothing was wrong and got tested for covid and flu both negative. Im at a loss as this didn't start until 1 used both creams for eczema,,False,6,W06_2025-11-10_to_2025-11-16,2026-04-28T22:25:18.898904+00:00,2025-11-10 00:37:28+00:00,2025-11-10,2025-W45,,attached_to_meta_or_moderator_thread
nkfkz4g,1o5fkrg,AskDocs,t3_1o5fkrg,Fyre-Bringer,1760936485,"Timewise, how does strep throat typically progress when left untreated? When do bad complications typically begin?


I'm asking because when I was 10, I found out I'd had strep throat for about a month when I went on antibiotics. A little older, I found out untreated strep throat easily leads to severe complications, but I'd never thought about it in relation to when I got strep throat until now. 


A month is a significant amount of time. Google is giving me answers that are way too vague for my curiosity. ",,False,3,W03_2025-10-20_to_2025-10-26,2026-04-28T22:25:18.898904+00:00,2025-10-20 05:01:25+00:00,2025-10-20,2025-W42,,attached_to_meta_or_moderator_thread
nqhku5z,1p090na,AskDocs,t3_1p090na,IgnoringYourCall,1763964309,"Question! Should I contact a doctor who I think gave me an incorrect diagnosis even if the symptoms I had cleared up? I don't know if I'm supposed to let them know for like their own learning or something? They aren't ""my"" doctor; they're just who was available for a walk-in. For context, I'm 33F and I do have PCOS, and I went in because I had pain and pressure and bloating in my low right abdomen, which he thought was a muscle attachment on my pelvis after moving my right leg around and listening to me list symptoms. He told me to take ibuprofen, which helped, but that same night I woke up after about three hours of sleep to a sort of writhing pain which built until there was a ""thunk"" feeling, and then went sharply down before building back up halfway or so and lingering. I stayed in bed almost the whole day afterward, and I was able to sleep. I felt much better by the time I got up, and movement was easy, and over the next few weeks, any lingering throbbing went away. The pain I went in for is gone, as is the lump I could feel when I lay on my belly, but I really don't think it was a muscle? I don't feel like I need to go back in for myself, but am I supposed to bring it up to assist him in later diagnoses? Would it even be useful if I don't have (noticeable to me) symptoms any more? Thanks!",,False,8,W08_2025-11-24_to_2025-11-30,2026-04-28T22:25:18.898904+00:00,2025-11-24 06:05:09+00:00,2025-11-24,2025-W47,,attached_to_meta_or_moderator_thread
npaaimf,1ou6kku,AskDocs,t3_1ou6kku,IllustriousEnergy1,1763366893,"F 27 NEXPLANON EXTRACT REACTION BIRTH CONTROL Hi , my native language is french so sorry for some spelling errors. So my nexplanon was a nightmare from the start , bleeding 3 week on 4 for a year and I'm pretty sure I have endometriosis but because I'm an alternative reddish hair looking being nobody take me seriously.I took the implant of at the hospital a month ago cause it was making my arm numb and was itchy and start having a purple color. They just took it off didn't take blood test or anything . And now it's itchy a month later and there's 2 bump near my removal scar and it's ""reddish"" . I'm ADHD, prescription of Vyvanse , quietapine in case ( take 30 for a years) got diagnosed general anxiety disorder at 15. Lot of PTSD , addict family but I have a head on my shoulder and I'm a stage technician. My uterus is in a shape of a heart too so couldn't have the IUD I got told. I have bad ovaries cramp too like sharp pain from time to time. My left feel a little bit less numb , I thought I had a heart attack at some point got to the hospital again they did the thing to check my heart beat and told me I was okay. I'm supposed to go pass brain scan but my car broke down and I'm having a hard time reaching them. I'm a bit scared and I have no relative close I'm 4000 km away from home

https://preview.redd.it/1ge1a5q3zr1g1.jpeg?width=4624&format=pjpg&auto=webp&s=1fe79fa6a06301331e13761cb19bb743b8c173c8",,False,7,W07_2025-11-17_to_2025-11-23,2026-04-28T22:25:18.898904+00:00,2025-11-17 08:08:13+00:00,2025-11-17,2025-W46,,attached_to_meta_or_moderator_thread
nvb8srp,1pn4mm3,AskDocs,t3_1pn4mm3,Nuggboi69420,1766374236,"So I noticed that after vaping, sometimes I burp and smoke comes out, is this something common and why does this happen?",,False,12,W12_2025-12-22_to_2025-12-28,2026-04-28T22:25:18.898904+00:00,2025-12-22 03:30:36+00:00,2025-12-22,2025-W51,,attached_to_meta_or_moderator_thread
nvb9hrh,1pn4mm3,AskDocs,t1_nuyyi91,Nuggboi69420,1766374513,"I’m not a doctor but you probably shouldn’t surprise him with it just incase there is any appointments, just ask him about it, also you may want to wait a while before leaving the country just incase there are any complications, as those could be far harder to deal with out of country.",,False,12,W12_2025-12-22_to_2025-12-28,2026-04-28T22:25:18.898904+00:00,2025-12-22 03:35:13+00:00,2025-12-22,2025-W51,nuyyi91,attached_to_meta_or_moderator_thread
nlkotmg,1o5fkrg,AskDocs,t1_nlk2hjk,PokeTheVeil,1761526720,"Urine color will tell you how concentrated it is, but unless it’s dark, almost brown all the time, your kidneys are fine with a range of concentration. You don’t need to pee clear.

If you drink water quickly, you excrete more of it faster. Whether that’s a problems is debatable. Don’t drink gallons of water at once, but a cup or two is fine.",,False,4,W04_2025-10-27_to_2025-11-02,2026-04-28T22:25:18.898904+00:00,2025-10-27 00:58:40+00:00,2025-10-27,2025-W43,nlk2hjk,attached_to_meta_or_moderator_thread
nu3sa7u,1pmxfqk,AskDocs,t1_nu3rwp6,Similar_Maximum_211,1765773599,Better to be safe than sorry. Please get help.,,False,11,W11_2025-12-15_to_2025-12-21,2026-04-28T22:25:18.898904+00:00,2025-12-15 04:39:59+00:00,2025-12-15,2025-W50,nu3rwp6,attached_to_meta_or_moderator_thread
npa3mfk,1ou6kku,AskDocs,t1_nowrk29,Turbulent_Race8554,1763362768,haha,,False,7,W07_2025-11-17_to_2025-11-23,2026-04-28T22:25:18.898904+00:00,2025-11-17 06:59:28+00:00,2025-11-17,2025-W46,nowrk29,attached_to_meta_or_moderator_thread
npa45jx,1ou6kku,AskDocs,t3_1ou6kku,Turbulent_Race8554,1763363071,Hello. How can I access past weekly discussion threads？,,False,7,W07_2025-11-17_to_2025-11-23,2026-04-28T22:25:18.898904+00:00,2025-11-17 07:04:31+00:00,2025-11-17,2025-W46,,attached_to_meta_or_moderator_thread
nu3jzud,1pmxfqk,AskDocs,t1_nu3iogt,VegHeaded,1765770272,"u/solrfirr NAD ""A 20,000 mg (20 g) overdose of ibuprofen is a potentially lethal amount that can cause severe, life-threatening symptoms and multi-organ failure. Immediate emergency medical attention is mandatory. If an overdose is suspected, call 911 or the national Poison Help hotline at 1-800-222-1222 immediately. ""
PLEASE CALL 911",,False,11,W11_2025-12-15_to_2025-12-21,2026-04-28T22:25:18.898904+00:00,2025-12-15 03:44:32+00:00,2025-12-15,2025-W50,nu3iogt,attached_to_meta_or_moderator_thread
nrnr4ry,1p5e4td,AskDocs,t1_nrnhqvo,Vro0,1764563715,"I see, i always thought that vaccines were to make the symptoms milder or something like that.",,False,9,W09_2025-12-01_to_2025-12-07,2026-04-28T22:25:18.898904+00:00,2025-12-01 04:35:15+00:00,2025-12-01,2025-W48,nrnhqvo,attached_to_meta_or_moderator_thread
nu3x7er,1pmxfqk,AskDocs,t3_1pmxfqk,alisgraveniI,1765775745,"As others have stated, please call 911 or have someone drive you to the closed ED. You took 6.25x the maximum recommended daily adult dose. If you’re not treated, you could be looking at things like a heart attack, kidney failure, a coma, or even death. This is serious and you need urgent medical attention.",,False,11,W11_2025-12-15_to_2025-12-21,2026-04-28T22:25:18.898904+00:00,2025-12-15 05:15:45+00:00,2025-12-15,2025-W50,,attached_to_meta_or_moderator_thread
nu3kypg,1ph9lo5,AskDocs,t3_1ph9lo5,beautyintherust,1765770650,"I just had the most random and bizarre experience being harassed by a doctor I've never spoken to before to the point they called my elderly mother??? Please advise how to report this freak!

I'm in Canada Ontario. I'm sure you know doctars are short. My mom put us (me, her, my aunt, and cousin) on a waiting list for a new family doctor. She's the only driver so we gave her our info to fill out our parts it the forms for us. A week or two ago they called her back and we all have a choice between two doctors, and have the option of meeting each first or just choosing off the hop based on sex. 
At some point this week I missed a couple calls from a phone number I didn't know and my voicemail wasn't working so I texted the number back saying hello. Thursday night they responded ""?"" And I just left it alone. Don't have time for nonsense. 
Then.. tonight (Sunday 4 days later).. around dinner time.. and started peppering me with calls and texts simultaneously!! Non stop the whole conversation!
Right off the hop she became rude, confrontational, pushy, bossy, demanding, even threatening to take me off the list for a doctor...  She even goes back and fourth from confirming and denying my mom ever spoke to her clinic 
And all im doing is trying to tell her I have never spoken to her before, it wasnt the one that filled out the forms, and to please contact my mother the one who's communicated with her up until now ? 
She's refusing to read anything I say and keeps talking to me about stuff her and my mom discussed! 
And even starts threatening to delete my file or something if I didn't drop what I was doing to call her RIGHT NOW.. 
Finally I had enough and told her she was way out of line and I'll contact her higher ups instead.

What does she do next?
CALLS MY ELDERLY MOTHER....
(Im34)
And tells her I SOMEHOW accomodated this doctors personal texting number and started to harass HER with questions?????? 

Yes, obviously I do have the conversation and proof of all this on my phone. 
I don't think she's an actual doctar but I think she's something more important then a receptionist... Not sure..

Please advise the best way to bring consequences to this psycho dealing with major PMS and just harassing the shit out of patients on a Sunday night ?

Is that not a breach of confidentiality to call my mother just to discuss me?",,False,11,W11_2025-12-15_to_2025-12-21,2026-04-28T22:25:18.898904+00:00,2025-12-15 03:50:50+00:00,2025-12-15,2025-W50,,attached_to_meta_or_moderator_thread
nu3k7cc,1pmxfqk,AskDocs,t1_nu3iogt,cookierent,1765770352,No,,False,11,W11_2025-12-15_to_2025-12-21,2026-04-28T22:25:18.898904+00:00,2025-12-15 03:45:52+00:00,2025-12-15,2025-W50,nu3iogt,attached_to_meta_or_moderator_thread
nvaxub8,1pn4mm3,AskDocs,t3_1pn4mm3,cyn24k,1766370106,Hi I have tachi arrhythmia. On metroprolol 50mg . Haven’t had any episodes in a few yrs . I’ve been wanting to try decaf coffee being that I work graveyard shift but scared I might trigger an episode . Has anyone close to my situation tried decaf coffee ? Or what do you guys recommend,,False,12,W12_2025-12-22_to_2025-12-28,2026-04-28T22:25:18.898904+00:00,2025-12-22 02:21:46+00:00,2025-12-22,2025-W51,,attached_to_meta_or_moderator_thread
nu3s1xk,1pmxfqk,AskDocs,t1_nu3rwp6,eliznorp,1765773503,You should get checked out. That much ibuprofen can be very dangerous.,,False,11,W11_2025-12-15_to_2025-12-21,2026-04-28T22:25:18.898904+00:00,2025-12-15 04:38:23+00:00,2025-12-15,2025-W50,nu3rwp6,attached_to_meta_or_moderator_thread
nmtqpwh,1o5fkrg,AskDocs,t1_nmnfmdz,orthostatic_htn,1762142548,"They can be temporary, absolutely. Without a better understanding of the context, I would not say that someone should have their competence under question for saying something like this.",,False,5,W05_2025-11-03_to_2025-11-09,2026-04-28T22:25:18.898904+00:00,2025-11-03 04:02:28+00:00,2025-11-03,2025-W44,nmnfmdz,attached_to_meta_or_moderator_thread
nrnhqvo,1p5e4td,AskDocs,t1_nrkq7pd,orthostatic_htn,1764559925,"If you've been vaccinated against chicken pox, then you shouldn't expect to ever get it. That's the point of the vaccine - to give you immunity.",,False,9,W09_2025-12-01_to_2025-12-07,2026-04-28T22:25:18.898904+00:00,2025-12-01 03:32:05+00:00,2025-12-01,2025-W48,nrkq7pd,attached_to_meta_or_moderator_thread
nu3r0v8,1pmxfqk,AskDocs,t3_1pmxfqk,orthostatic_htn,1765773078,Please seek medical support. That means ER.,,False,11,W11_2025-12-15_to_2025-12-21,2026-04-28T22:25:18.898904+00:00,2025-12-15 04:31:18+00:00,2025-12-15,2025-W50,,attached_to_meta_or_moderator_thread
nu3scmj,1pmxfqk,AskDocs,t1_nu3rcv3,orthostatic_htn,1765773628,You need to be seen in the ER. This is not a waste of resources.,,False,11,W11_2025-12-15_to_2025-12-21,2026-04-28T22:25:18.898904+00:00,2025-12-15 04:40:28+00:00,2025-12-15,2025-W50,nu3rcv3,attached_to_meta_or_moderator_thread
nu3np6u,1pmxfqk,AskDocs,t1_nu3iogt,smoosh13,1765771730,"Your previous posts talk a lot about suicide and you have at least two other posts in the past 36 hours about taking too much ibuprofen.  You need help, hun.  Show a doc in the ER your previous post history and tell them you took all of this ibuprofen.  Please go now.",,False,11,W11_2025-12-15_to_2025-12-21,2026-04-28T22:25:18.898904+00:00,2025-12-15 04:08:50+00:00,2025-12-15,2025-W50,nu3iogt,attached_to_meta_or_moderator_thread
nu3rcv3,1pmxfqk,AskDocs,t1_nu3r0v8,solrflrr,1765773216,Is it gonna harm me immensely? I don’t feel good but I don’t wanna waste resources,,False,11,W11_2025-12-15_to_2025-12-21,2026-04-28T22:25:18.898904+00:00,2025-12-15 04:33:36+00:00,2025-12-15,2025-W50,nu3r0v8,attached_to_meta_or_moderator_thread
nu3rwp6,1pmxfqk,AskDocs,t1_nu3rrs1,solrflrr,1765773443,"20,000",,False,11,W11_2025-12-15_to_2025-12-21,2026-04-28T22:25:18.898904+00:00,2025-12-15 04:37:23+00:00,2025-12-15,2025-W50,nu3rrs1,attached_to_meta_or_moderator_thread
nu3upa9,1pmxfqk,AskDocs,t1_nu3kjw1,solrflrr,1765774634,I have seizures and can usually tell when I have an aura I’m just nervous,,False,11,W11_2025-12-15_to_2025-12-21,2026-04-28T22:25:18.898904+00:00,2025-12-15 04:57:14+00:00,2025-12-15,2025-W50,nu3kjw1,attached_to_meta_or_moderator_thread
nu3uq19,1pmxfqk,AskDocs,t1_nu3np6u,solrflrr,1765774643,I can’t be admitted again though,,False,11,W11_2025-12-15_to_2025-12-21,2026-04-28T22:25:18.898904+00:00,2025-12-15 04:57:23+00:00,2025-12-15,2025-W50,nu3np6u,attached_to_meta_or_moderator_thread
nu3va76,1pmxfqk,AskDocs,t1_nu3scmj,solrflrr,1765774887,I know you can’t necessarily say but will I get psyched or asked a ton of questions if I say I accidentally took double my ibuprofen dose?,,False,11,W11_2025-12-15_to_2025-12-21,2026-04-28T22:25:18.898904+00:00,2025-12-15 05:01:27+00:00,2025-12-15,2025-W50,nu3scmj,attached_to_meta_or_moderator_thread
nu3vtxf,1pmxfqk,AskDocs,t1_nu3vohi,solrflrr,1765775132,LMAO I’m just hoping they can’t tell how much I actually took and just say idk how my levels are that high if they even are,,False,11,W11_2025-12-15_to_2025-12-21,2026-04-28T22:25:18.898904+00:00,2025-12-15 05:05:32+00:00,2025-12-15,2025-W50,nu3vohi,attached_to_meta_or_moderator_thread
nu3krnj,1pmxfqk,AskDocs,t1_nu3iogt,thiccndip,1765770574,No ER now,,False,11,W11_2025-12-15_to_2025-12-21,2026-04-28T22:25:18.898904+00:00,2025-12-15 03:49:34+00:00,2025-12-15,2025-W50,nu3iogt,attached_to_meta_or_moderator_thread
nvbam5x,1pb9wuw,AskDocs,t1_nrwxu0a,wapsi23,1766374947,"https://preview.redd.it/7gm2rh8lfo8g1.png?width=1075&format=png&auto=webp&s=7a8c4c3f3f2de895a8d96532145b2671cd21fb54

Better pic",,False,12,W12_2025-12-22_to_2025-12-28,2026-04-28T22:25:18.898904+00:00,2025-12-22 03:42:27+00:00,2025-12-22,2025-W51,nrwxu0a,attached_to_meta_or_moderator_thread
nu3mhab,1pmxfqk,AskDocs,t1_nu3iogt,yourremedy94,1765771236,"20,000mg? NO. Go to the ER.",,False,11,W11_2025-12-15_to_2025-12-21,2026-04-28T22:25:18.898904+00:00,2025-12-15 04:00:36+00:00,2025-12-15,2025-W50,nu3iogt,attached_to_meta_or_moderator_thread
